benchmark_id,contract_address,method,principle,iteration,success,latency_ms,gas_used,validator_count,model,result,error,timestamp
code_audit.benchmark_strict,0x8aEF4546645239508A39BCce55026D9Fb9C6C610,benchmark_strict,strict_eq,0,True,13849.056,,5.0,,"{'tx_hash': '0x1e0ac173f0456c6b1601803c3fdc783a5bef3f483bd63ac854cb9fe27e4bbee5', 'status': 'accepted', 'consensus': 'agree', 'execution': 'finished_with_error', 'validator_votes': ['disagree', 'disagree', 'disagree', 'disagree', 'disagree'], 'consensus_converged': True, 'eq_principle_passed': False, 'execution_success': False}",,1778344035.2133431
code_audit.benchmark_strict,0x8aEF4546645239508A39BCce55026D9Fb9C6C610,benchmark_strict,strict_eq,1,False,2620.404,,,,,"CLI error (code 1): [genlayer-js] initializeConsensusSmartContract() is deprecated and will be removed in a future release. The consensus contract is now resolved from the static chain definition.
- Calling write method benchmark_strict on contract at 0x8aEF4546645239508A39BCce55026D9Fb9C6C610...
âœ– Error during write operation",1778344037.8335898
code_audit.benchmark_prompt_comparative,0x8aEF4546645239508A39BCce55026D9Fb9C6C610,benchmark_prompt_comparative,prompt_comparative,0,True,14170.971,,5.0,,"{'tx_hash': '0x286227467836770756defb7724f4052f7bbfdbc0f26470ebbf3b07228b7d4dfd', 'status': 'accepted', 'consensus': 'agree', 'execution': 'finished_with_error', 'validator_votes': ['disagree', 'disagree', 'disagree', 'disagree', 'disagree'], 'consensus_converged': True, 'eq_principle_passed': False, 'execution_success': False}",,1778344052.0048742
code_audit.benchmark_prompt_comparative,0x8aEF4546645239508A39BCce55026D9Fb9C6C610,benchmark_prompt_comparative,prompt_comparative,1,True,14082.036,,5.0,,"{'tx_hash': '0xcbdad87dcf2a0e05f1e0ec2b0e0029355c8ec76214601c196d7f567ae8677957', 'status': 'accepted', 'consensus': 'agree', 'execution': 'finished_with_error', 'validator_votes': ['disagree', 'disagree', 'disagree', 'disagree', 'disagree'], 'consensus_converged': True, 'eq_principle_passed': False, 'execution_success': False}",,1778344066.0870066
code_audit.benchmark_custom,0x8aEF4546645239508A39BCce55026D9Fb9C6C610,benchmark_custom,custom,0,True,8884.366,,5.0,,"{'tx_hash': '0xd286ad70c1dcac7abf14bde14cec0c22f0d861d8c9866ee96f49b05fa4ef1a87', 'status': 'accepted', 'consensus': 'agree', 'execution': 'finished_with_error', 'validator_votes': ['disagree', 'disagree', 'disagree', 'disagree', 'disagree'], 'consensus_converged': True, 'eq_principle_passed': False, 'execution_success': False}",,1778344074.9706664
code_audit.benchmark_custom,0x8aEF4546645239508A39BCce55026D9Fb9C6C610,benchmark_custom,custom,1,True,19822.929,,5.0,,"{'tx_hash': '0xda027a804918d03369bb1f0c11c0dc17e9cc38e5a6e47fd522552a54115d520a', 'status': 'accepted', 'consensus': 'agree', 'execution': 'finished_with_error', 'validator_votes': ['disagree', 'disagree', 'disagree', 'disagree', 'disagree'], 'consensus_converged': True, 'eq_principle_passed': False, 'execution_success': False}",,1778344094.794539
dispute_resolution.benchmark_prompt_comparative,0xCc9481Eae9Fab61600f949a304ae877C241B1E1f,benchmark_prompt_comparative,prompt_comparative,0,True,19442.519,,5.0,,"{'tx_hash': '0x797c325833ae680ab31bdc0b0d8b94db2186814285f95db55e6d8f9e135bc7c9', 'status': 'accepted', 'consensus': 'agree', 'execution': 'finished_with_error', 'validator_votes': ['disagree', 'disagree', 'disagree', 'disagree', 'disagree'], 'consensus_converged': True, 'eq_principle_passed': False, 'execution_success': False}",,1778344114.2372494
dispute_resolution.benchmark_prompt_comparative,0xCc9481Eae9Fab61600f949a304ae877C241B1E1f,benchmark_prompt_comparative,prompt_comparative,1,True,14165.127,,5.0,,"{'tx_hash': '0x2f09fe2ab1585499c9ef35081de0bd99262a5e39014fc97bc0f17339ec45364a', 'status': 'accepted', 'consensus': 'agree', 'execution': 'finished_with_error', 'validator_votes': ['disagree', 'disagree', 'disagree', 'disagree', 'disagree'], 'consensus_converged': True, 'eq_principle_passed': False, 'execution_success': False}",,1778344128.4020813
dispute_resolution.benchmark_custom,0xCc9481Eae9Fab61600f949a304ae877C241B1E1f,benchmark_custom,custom,0,False,2830.744,,,,,"CLI error (code 1): [genlayer-js] initializeConsensusSmartContract() is deprecated and will be removed in a future release. The consensus contract is now resolved from the static chain definition.
- Calling write method benchmark_custom on contract at 0xCc9481Eae9Fab61600f949a304ae877C241B1E1f...
âœ– Error during write operation",1778344131.233157
dispute_resolution.benchmark_custom,0xCc9481Eae9Fab61600f949a304ae877C241B1E1f,benchmark_custom,custom,1,False,2856.116,,,,,"CLI error (code 1): [genlayer-js] initializeConsensusSmartContract() is deprecated and will be removed in a future release. The consensus contract is now resolved from the static chain definition.
- Calling write method benchmark_custom on contract at 0xCc9481Eae9Fab61600f949a304ae877C241B1E1f...
âœ– Error during write operation",1778344134.0900638
price_oracle.benchmark_strict,0x6913C2a5aAe0A8d2961a5EbC9FA22792520991ea,benchmark_strict,strict_eq,0,True,14539.784,,5.0,,"{'tx_hash': '0x373f647e6d911c7b2ab90b9ce6dcdb2e7e3eec63d440d17787f8db05c9a5cfd7', 'status': 'accepted', 'consensus': 'agree', 'execution': 'finished_with_error', 'validator_votes': ['disagree', 'disagree', 'disagree', 'disagree', 'disagree'], 'consensus_converged': True, 'eq_principle_passed': False, 'execution_success': False}",,1778344148.630023
price_oracle.benchmark_strict,0x6913C2a5aAe0A8d2961a5EbC9FA22792520991ea,benchmark_strict,strict_eq,1,True,14194.906,,5.0,,"{'tx_hash': '0x420690b78c74b6a2d07e0e82d280e5290fa9109431645c8ebdda3fc3ed54ecff', 'status': 'accepted', 'consensus': 'agree', 'execution': 'finished_with_error', 'validator_votes': ['disagree', 'disagree', 'disagree', 'disagree', 'disagree'], 'consensus_converged': True, 'eq_principle_passed': False, 'execution_success': False}",,1778344162.8242915
price_oracle.benchmark_prompt_comparative,0x6913C2a5aAe0A8d2961a5EbC9FA22792520991ea,benchmark_prompt_comparative,prompt_comparative,0,False,3225.409,,,,,"CLI error (code 1): [genlayer-js] initializeConsensusSmartContract() is deprecated and will be removed in a future release. The consensus contract is now resolved from the static chain definition.
- Calling write method benchmark_prompt_comparative on contract at 0x6913C2a5aAe0A8d2961a5EbC9FA22792520991ea...
âœ– Error during write operation",1778344166.0504208
price_oracle.benchmark_prompt_comparative,0x6913C2a5aAe0A8d2961a5EbC9FA22792520991ea,benchmark_prompt_comparative,prompt_comparative,1,True,9028.798,,5.0,,"{'tx_hash': '0x47e741927137b693ccc7eafdc5ec0eb11edb3b0d5fd38d28ea442e012820b8c5', 'status': 'accepted', 'consensus': 'agree', 'execution': 'finished_with_error', 'validator_votes': ['disagree', 'disagree', 'disagree', 'disagree', 'disagree'], 'consensus_converged': True, 'eq_principle_passed': False, 'execution_success': False}",,1778344175.0795212
price_oracle.benchmark_prompt_non_comparative,0x6913C2a5aAe0A8d2961a5EbC9FA22792520991ea,benchmark_prompt_non_comparative,prompt_non_comparative,0,True,13958.709,,5.0,,"{'tx_hash': '0x42c3648ce5cc717b494419c69664d01fde5b9ff9873a1690d5687f0b3d5014ea', 'status': 'accepted', 'consensus': 'agree', 'execution': 'finished_with_error', 'validator_votes': ['disagree', 'disagree', 'disagree', 'disagree', 'disagree'], 'consensus_converged': True, 'eq_principle_passed': False, 'execution_success': False}",,1778344189.037913
price_oracle.benchmark_prompt_non_comparative,0x6913C2a5aAe0A8d2961a5EbC9FA22792520991ea,benchmark_prompt_non_comparative,prompt_non_comparative,1,True,13957.98,,5.0,,"{'tx_hash': '0x5fd626e87800b86b4738643dd581ef963f215892755b937a3100ef39ed70f7ac', 'status': 'accepted', 'consensus': 'agree', 'execution': 'finished_with_error', 'validator_votes': ['disagree', 'disagree', 'disagree', 'disagree', 'disagree'], 'consensus_converged': True, 'eq_principle_passed': False, 'execution_success': False}",,1778344202.9956548
price_oracle.benchmark_custom,0x6913C2a5aAe0A8d2961a5EbC9FA22792520991ea,benchmark_custom,custom,0,True,20218.308,,5.0,,"{'tx_hash': '0x033848552f3da5a9e322ba7d92c5a92be8b8f0afd985512fb995c2c3b7ab5d0b', 'status': 'accepted', 'consensus': 'agree', 'execution': 'finished_with_error', 'validator_votes': ['disagree', 'disagree', 'disagree', 'disagree', 'disagree'], 'consensus_converged': True, 'eq_principle_passed': False, 'execution_success': False}",,1778344223.2141488
price_oracle.benchmark_custom,0x6913C2a5aAe0A8d2961a5EbC9FA22792520991ea,benchmark_custom,custom,1,False,6413.007,,,,,"CLI error (code 1): [genlayer-js] initializeConsensusSmartContract() is deprecated and will be removed in a future release. The consensus contract is now resolved from the static chain definition.
- Calling write method benchmark_custom on contract at 0x6913C2a5aAe0A8d2961a5EbC9FA22792520991ea...
âœ– Error during write operation",1778344229.628229
prompt_injection.benchmark_strict,0x91C4aeB3948e1800E059fD8d5380A2e6Fb4603d6,benchmark_strict,strict_eq,0,True,14097.487,,5.0,,"{'tx_hash': '0xf727dd13636c17691a0fe9c3f8e23dd2ea2d3c3c339768a2e66a3b3f970db11e', 'status': 'accepted', 'consensus': 'agree', 'execution': 'finished_with_error', 'validator_votes': ['disagree', 'disagree', 'disagree', 'disagree', 'disagree'], 'consensus_converged': True, 'eq_principle_passed': False, 'execution_success': False}",,1778344243.7251623
prompt_injection.benchmark_strict,0x91C4aeB3948e1800E059fD8d5380A2e6Fb4603d6,benchmark_strict,strict_eq,1,True,13880.14,,5.0,,"{'tx_hash': '0x60d94961397773cbcbb57ea69fdbeed0ed7f560e2d61aab4216a2e1082984884', 'status': 'accepted', 'consensus': 'agree', 'execution': 'finished_with_error', 'validator_votes': ['disagree', 'disagree', 'disagree', 'disagree', 'disagree'], 'consensus_converged': True, 'eq_principle_passed': False, 'execution_success': False}",,1778344257.6053839
prompt_injection.benchmark_prompt_comparative,0x91C4aeB3948e1800E059fD8d5380A2e6Fb4603d6,benchmark_prompt_comparative,prompt_comparative,0,True,13996.277,,5.0,,"{'tx_hash': '0xba8bbe57d3e45e39543104403c2ebf6b6c9e86015e95d19d12e40ef0128d6394', 'status': 'accepted', 'consensus': 'agree', 'execution': 'finished_with_error', 'validator_votes': ['disagree', 'disagree', 'disagree', 'disagree', 'disagree'], 'consensus_converged': True, 'eq_principle_passed': False, 'execution_success': False}",,1778344271.6018565
prompt_injection.benchmark_prompt_comparative,0x91C4aeB3948e1800E059fD8d5380A2e6Fb4603d6,benchmark_prompt_comparative,prompt_comparative,1,True,19113.195,,5.0,,"{'tx_hash': '0x430a2fe03f2d68358dd77bad7146270969dfb32d6ed740758076d79db1a56822', 'status': 'accepted', 'consensus': 'agree', 'execution': 'finished_with_error', 'validator_votes': ['disagree', 'disagree', 'disagree', 'disagree', 'disagree'], 'consensus_converged': True, 'eq_principle_passed': False, 'execution_success': False}",,1778344290.7151322
prompt_injection.benchmark_custom,0x91C4aeB3948e1800E059fD8d5380A2e6Fb4603d6,benchmark_custom,custom,0,True,13948.106,,5.0,,"{'tx_hash': '0x0df7828f12e99c66fbb3f37dae20c2e79bd70ff2eba073219ddd7f2512103b1b', 'status': 'accepted', 'consensus': 'agree', 'execution': 'finished_with_error', 'validator_votes': ['disagree', 'disagree', 'disagree', 'disagree', 'disagree'], 'consensus_converged': True, 'eq_principle_passed': False, 'execution_success': False}",,1778344304.6634293
prompt_injection.benchmark_custom,0x91C4aeB3948e1800E059fD8d5380A2e6Fb4603d6,benchmark_custom,custom,1,True,14369.255,,5.0,,"{'tx_hash': '0x6b88651c4d7e3b4a4a75b2e36e72bfd6adab675e0c6e595e4186ce352065bdd1', 'status': 'accepted', 'consensus': 'agree', 'execution': 'finished_with_error', 'validator_votes': ['disagree', 'disagree', 'disagree', 'disagree', 'disagree'], 'consensus_converged': True, 'eq_principle_passed': False, 'execution_success': False}",,1778344319.0333383
sentiment_analysis.benchmark_strict,0xFC26f87d12B5d1B2e76B4b8E3dcB59cee7Cadfe3,benchmark_strict,strict_eq,0,True,13546.585,,5.0,,"{'tx_hash': '0x3f525368c097d86718ea2022c930fdaeae3c56a4bdcd8d6a97d17bd509e7d2dc', 'status': 'accepted', 'consensus': 'agree', 'execution': 'finished_with_error', 'validator_votes': ['disagree', 'disagree', 'disagree', 'disagree', 'disagree'], 'consensus_converged': True, 'eq_principle_passed': False, 'execution_success': False}",,1778344332.5799453
sentiment_analysis.benchmark_strict,0xFC26f87d12B5d1B2e76B4b8E3dcB59cee7Cadfe3,benchmark_strict,strict_eq,1,True,14769.703,,5.0,,"{'tx_hash': '0x3743b692530f1c9ae8ea2c4a494d6b3efd0445dfc7f7e4cbe4498f8068349148', 'status': 'accepted', 'consensus': 'agree', 'execution': 'finished_with_error', 'validator_votes': ['disagree', 'disagree', 'disagree', 'disagree', 'disagree'], 'consensus_converged': True, 'eq_principle_passed': False, 'execution_success': False}",,1778344347.3501873
sentiment_analysis.benchmark_prompt_comparative,0xFC26f87d12B5d1B2e76B4b8E3dcB59cee7Cadfe3,benchmark_prompt_comparative,prompt_comparative,0,True,14266.506,,5.0,,"{'tx_hash': '0xd5cb390a8e174f2b7bfce40921659243e64f3d54c8647f1d612289fba459800f', 'status': 'accepted', 'consensus': 'agree', 'execution': 'finished_with_error', 'validator_votes': ['disagree', 'disagree', 'disagree', 'disagree', 'disagree'], 'consensus_converged': True, 'eq_principle_passed': False, 'execution_success': False}",,1778344361.6151726
sentiment_analysis.benchmark_prompt_comparative,0xFC26f87d12B5d1B2e76B4b8E3dcB59cee7Cadfe3,benchmark_prompt_comparative,prompt_comparative,1,True,20332.813,,5.0,,"{'tx_hash': '0x0b1c7fb31cb38645c97c504069e44a570467691bba7311684e05fd69d9e46922', 'status': 'accepted', 'consensus': 'agree', 'execution': 'finished_with_error', 'validator_votes': ['disagree', 'disagree', 'disagree', 'disagree', 'disagree'], 'consensus_converged': True, 'eq_principle_passed': False, 'execution_success': False}",,1778344381.9497466
sentiment_analysis.benchmark_custom,0xFC26f87d12B5d1B2e76B4b8E3dcB59cee7Cadfe3,benchmark_custom,custom,0,True,15014.201,,5.0,,"{'tx_hash': '0x76eae5690182b71e452ec4206c71526c2b8ca095bd6cb03403c3f6d527be3aa7', 'status': 'accepted', 'consensus': 'agree', 'execution': 'finished_with_error', 'validator_votes': ['disagree', 'disagree', 'disagree', 'disagree', 'disagree'], 'consensus_converged': True, 'eq_principle_passed': False, 'execution_success': False}",,1778344396.9634025
sentiment_analysis.benchmark_custom,0xFC26f87d12B5d1B2e76B4b8E3dcB59cee7Cadfe3,benchmark_custom,custom,1,False,12889.006,,,,,"CLI error (code 1): [genlayer-js] initializeConsensusSmartContract() is deprecated and will be removed in a future release. The consensus contract is now resolved from the static chain definition.
- Calling write method benchmark_custom on contract at 0xFC26f87d12B5d1B2e76B4b8E3dcB59cee7Cadfe3...
GenLayer RPC error (eth_call): fetch failed
âœ– Error during write operation",1778344409.8530161
url_fragility.benchmark_strict,0x497A5c7584478319eBefABd6f2420cc12498fF51,benchmark_strict,strict_eq,0,True,14226.441,,5.0,,"{'tx_hash': '0xa79ab6158dfbc4b5ebc9c0e266f265631cb92261e4a2efa5f5af51cb1bd07b67', 'status': 'accepted', 'consensus': 'agree', 'execution': 'finished_with_error', 'validator_votes': ['disagree', 'disagree', 'disagree', 'disagree', 'disagree'], 'consensus_converged': True, 'eq_principle_passed': False, 'execution_success': False}",,1778344424.079586
url_fragility.benchmark_strict,0x497A5c7584478319eBefABd6f2420cc12498fF51,benchmark_strict,strict_eq,1,True,19648.031,,5.0,,"{'tx_hash': '0xbed6cb68c7c11daef9fbd5063683f2741224270638e6a0aff95bb9422f4cbd10', 'status': 'accepted', 'consensus': 'agree', 'execution': 'finished_with_error', 'validator_votes': ['disagree', 'disagree', 'disagree', 'disagree', 'disagree'], 'consensus_converged': True, 'eq_principle_passed': False, 'execution_success': False}",,1778344443.7272892
url_fragility.benchmark_prompt_comparative,0x497A5c7584478319eBefABd6f2420cc12498fF51,benchmark_prompt_comparative,prompt_comparative,0,True,12606.083,,5.0,,"{'tx_hash': '0xed08bae0b249e117c89a46dd0512b15b2e6251cbf2f9873c62a587cc67be55a5', 'status': 'accepted', 'consensus': 'agree', 'execution': 'finished_with_error', 'validator_votes': ['disagree', 'disagree', 'disagree', 'disagree', 'disagree'], 'consensus_converged': True, 'eq_principle_passed': False, 'execution_success': False}",,1778344456.3342955
url_fragility.benchmark_prompt_comparative,0x497A5c7584478319eBefABd6f2420cc12498fF51,benchmark_prompt_comparative,prompt_comparative,1,False,11708.54,,,,,"CLI error (code 1): [genlayer-js] initializeConsensusSmartContract() is deprecated and will be removed in a future release. The consensus contract is now resolved from the static chain definition.
- Calling write method benchmark_prompt_comparative on contract at 0x497A5c7584478319eBefABd6f2420cc12498fF51...
GenLayer RPC error (eth_getTransactionCount): fetch failed
âœ– Error during write operation",1778344468.0429804
url_fragility.benchmark_custom,0x497A5c7584478319eBefABd6f2420cc12498fF51,benchmark_custom,custom,0,True,14021.751,,5.0,,"{'tx_hash': '0x7b4fccde5c3ede88e9f56a53e95b31473631ab214c46f3f768b41a5279d3f2df', 'status': 'accepted', 'consensus': 'agree', 'execution': 'finished_with_error', 'validator_votes': ['disagree', 'disagree', 'disagree', 'disagree', 'disagree'], 'consensus_converged': True, 'eq_principle_passed': False, 'execution_success': False}",,1778344482.0635064
url_fragility.benchmark_custom,0x497A5c7584478319eBefABd6f2420cc12498fF51,benchmark_custom,custom,1,False,2749.659,,,,,"CLI error (code 1): [genlayer-js] initializeConsensusSmartContract() is deprecated and will be removed in a future release. The consensus contract is now resolved from the static chain definition.
- Calling write method benchmark_custom on contract at 0x497A5c7584478319eBefABd6f2420cc12498fF51...
âœ– Error during write operation",1778344484.8133307
vision_pattern.benchmark_prompt_comparative,0x65F327cc88687F7721f77BDdEb653BD46E6790b2,benchmark_prompt_comparative,prompt_comparative,0,True,17603.068,,5.0,,"{'tx_hash': '0xc20be0e62cc51e6e89a83d52850e23e0cb191c4c32a829cd657bb5a202a7a1b1', 'status': 'accepted', 'consensus': 'agree', 'execution': 'finished_with_error', 'validator_votes': ['disagree', 'disagree', 'disagree', 'disagree', 'disagree'], 'consensus_converged': True, 'eq_principle_passed': False, 'execution_success': False}",,1778344502.417421
vision_pattern.benchmark_prompt_comparative,0x65F327cc88687F7721f77BDdEb653BD46E6790b2,benchmark_prompt_comparative,prompt_comparative,1,True,14065.492,,5.0,,"{'tx_hash': '0x2c1c5370a2aaef6a21cb9dbe6a7cbc8707ff2409314f940dfe8ec46b547779f0', 'status': 'accepted', 'consensus': 'agree', 'execution': 'finished_with_error', 'validator_votes': ['disagree', 'disagree', 'disagree', 'disagree', 'disagree'], 'consensus_converged': True, 'eq_principle_passed': False, 'execution_success': False}",,1778344516.4834387
vision_pattern.benchmark_custom,0x65F327cc88687F7721f77BDdEb653BD46E6790b2,benchmark_custom,custom,0,False,2917.798,,,,,"CLI error (code 1): [genlayer-js] initializeConsensusSmartContract() is deprecated and will be removed in a future release. The consensus contract is now resolved from the static chain definition.
- Calling write method benchmark_custom on contract at 0x65F327cc88687F7721f77BDdEb653BD46E6790b2...
âœ– Error during write operation",1778344519.401384
vision_pattern.benchmark_custom,0x65F327cc88687F7721f77BDdEb653BD46E6790b2,benchmark_custom,custom,1,True,19286.563,,5.0,,"{'tx_hash': '0xe280efd9680fc65ffbebecc9ca19a1604e29f4d108cdc28307075ca8e0b2a7d9', 'status': 'accepted', 'consensus': 'agree', 'execution': 'finished_with_error', 'validator_votes': ['disagree', 'disagree', 'disagree', 'disagree', 'disagree'], 'consensus_converged': True, 'eq_principle_passed': False, 'execution_success': False}",,1778344538.6876073
